{
  "project_info": {
    "project_number": "679869279950",
    "project_id": "asm-and103-5f3d0",
    "storage_bucket": "asm-and103-5f3d0.firebasestorage.app"
  },
  "client": [
    {
      "client_info": {
        "mobilesdk_app_id": "1:679869279950:android:c8c60ff35942783f5bea9f",
        "android_client_info": {
          "package_name": "dev.md19303.asm_and103"
        }
      },
      "oauth_client": [],
      "api_key": [
        {
          "current_key": "AIzaSyBYTwWzJxtnBxCjpA5Lv3OLPyVmxYUwZAE"
        }
      ],
      "services": {
        "appinvite_service": {
          "other_platform_oauth_client": []
        }
      }
    },
    {
      "client_info": {
        "mobilesdk_app_id": "1:679869279950:android:8d9c6a6cbe4ced535bea9f",
        "android_client_info": {
          "package_name": "dev.md19303.demoasm"
        }
      },
      "oauth_client": [],
      "api_key": [
        {
          "current_key": "AIzaSyBYTwWzJxtnBxCjpA5Lv3OLPyVmxYUwZAE"
        }
      ],
      "services": {
        "appinvite_service": {
          "other_platform_oauth_client": []
        }
      }
    }
  ],
  "configuration_version": "1"
}